sensor_id,timestamp_hour,motion_intensity,vibration_level,thermal_signature,acoustic_level,object_speed_kmph,distance_m,altitude_m,water_pressure,route_mode,weather_condition,terrain_type,sensor_status,signal_noise_ratio,target_class,weight
1001,15,7.87,77.87,710.6,77.87,7.87,710.6,0,0,Ground,Clear,Mountain,Active,710.6,Human,70
1002,6,4.29,75.29,145.61,74.29,4.29,145.61,0,0,Ground,Clear,Forest,Active,145.61,Human,70
1003,21,7.11,79.11,302.38,77.11,7.11,302.38,0,0,Ground,Clear,Open Field,Active,302.38,Human,70
1004,1,4.94,75.94,589.96,74.94,4.94,589.96,0,0,Ground,Clear,Forest,Active,589.96,Human,70
1005,23,5.28,75.28,499.8,75.28,5.28,499.8,0,0,Ground,Clear,Mountain,Active,499.8,Human,70
1006,9,4.53,74.53,668.36,74.53,4.53,668.36,0,0,Ground,Rain,Mountain,Active,669.36,Human,70
1007,9,6.42,77.42,759.66,76.42,6.42,759.66,0,0,Ground,Rain,Forest,Active,760.66,Human,70
1008,22,4.83,76.83,1270.14,74.83,4.83,1270.14,0,0,Ground,Storm,Open Field,Active,1272.14,Human,70
1009,12,4.38,76.38,1189.43,74.38,4.38,1189.43,0,0,Ground,Storm,Open Field,Active,1191.43,Human,70
1010,6,7.32,80.32,1028.63,77.32,7.32,1028.63,0,0,Ground,Clear,Riverbank,Active,1028.63,Human,70
1011,22,2.88,72.88,1005.18,72.88,2.88,1005.18,0,0,Ground,,Mountain,Active,1008.18,Human,70
1012,19,2.04,74.04,659.37,72.04,2.04,659.37,0,0,Ground,Storm,Open Field,Active,661.37,Human,70
1013,16,5.49,77.49,698.05,75.49,5.49,698.05,0,0,Ground,Rain,Open Field,Active,699.05,Human,70
1014,16,5.14,78.14,756.95,75.14,5.14,756.95,0,0,Ground,Storm,Riverbank,Active,758.95,Human,70
1015,19,3.01,76.01,1014.2,73.01,3.01,1014.2,0,0,Ground,Storm,Riverbank,Active,1016.2,Human,70
1016,19,5.83,78.83,1301.19,75.83,5.83,1301.19,0,0,Ground,Fog,Riverbank,Active,1305.19,Human,70
1017,11,3.8,73.8,106.52,73.8,3.8,106.52,0,0,Ground,Rain,Mountain,Active,107.52,Human,70
1018,16,5.66,77.66,1315.31,75.66,5.66,1315.31,0,0,Ground,Storm,Open Field,Active,1317.31,Human,70
1019,17,6.44,77.44,314.73,76.44,6.44,314.73,0,0,Ground,Fog,Forest,Active,318.73,Human,70
1020,17,4.13,77.13,598.65,74.13,4.13,598.65,0,0,Ground,Fog,Riverbank,Active,602.65,Human,70
1021,23,7.64,79.64,1239.95,77.64,7.64,1239.95,0,0,Ground,Clear,Open Field,Active,1239.95,Human,70
1022,16,5.62,78.62,466.99,75.62,5.62,466.99,0,0,Ground,Fog,Riverbank,Degraded,470.99,Human,70
1023,5,5.66,75.66,265.03,75.66,5.66,265.03,0,0,Ground,Clear,Mountain,Active,265.03,Human,70
1024,0,2.55,72.55,1348.63,72.55,2.55,1348.63,0,0,Ground,Storm,Mountain,Active,1350.63,Human,70
1025,21,6.65,76.65,869.33,76.65,6.65,869.33,0,0,Ground,Storm,Mountain,Active,871.33,Human,70
1026,17,2.73,74.73,184.34,72.73,2.73,184.34,0,0,Ground,Fog,Open Field,Active,188.34,Human,70
1027,22,5.34,75.34,525.47,75.34,5.34,525.47,0,0,Ground,Clear,Mountain,Active,525.47,Human,70
1028,13,4.27,77.27,296.04,74.27,4.27,296.04,0,0,Ground,Fog,Riverbank,Degraded,300.04,Human,70
1029,4,3.47,73.47,1454.2,73.47,3.47,1454.2,0,0,Ground,Fog,Mountain,Active,1458.2,Human,70
1030,5,7.59,79.59,477.13,77.59,7.59,477.13,0,0,Ground,Clear,Open Field,Active,477.13,Human,70
1031,16,7.94,79.94,1053.41,77.94,7.94,1053.41,0,0,Ground,,Open Field,Active,1056.41,Human,70
1032,16,4.82,77.82,58.18,74.82,4.82,58.18,0,0,Ground,Fog,Riverbank,Degraded,62.18,Human,70
1033,9,7.22,77.22,1137.95,77.22,7.22,1137.95,0,0,Ground,Storm,Mountain,Active,1139.95,Human,70
1034,7,4.41,77.41,426.38,74.41,4.41,426.38,0,0,Ground,,Riverbank,Active,429.38,Human,70
1035,23,7.36,78.36,810.24,77.36,7.36,810.24,0,0,Ground,Fog,Forest,Active,814.24,Human,70
1036,1,4.69,74.69,859.48,74.69,4.69,859.48,0,0,Ground,Rain,Mountain,Active,860.48,Human,70
1037,22,5.06,78.06,726.61,75.06,5.06,726.61,0,0,Ground,Fog,Riverbank,Active,730.61,Human,70
1038,14,4.98,76.98,283.2,74.98,4.98,283.2,0,0,Ground,Fog,Open Field,Active,287.2,Human,70
1039,1,7.81,77.81,619.69,77.81,7.81,619.69,0,0,Ground,Clear,Mountain,Active,619.69,Human,70
1040,3,3.07,76.07,974.35,73.07,3.07,974.35,0,0,Ground,Fog,Riverbank,Degraded,978.35,Human,70
1041,22,5.76,78.76,776.43,75.76,5.76,776.43,0,0,Ground,Storm,Riverbank,Degraded,778.43,Human,70
1042,13,7.37,78.37,1220.23,77.37,7.37,1220.23,0,0,Ground,Rain,Forest,Active,1221.23,Human,70
1043,0,2.21,74.21,857.62,72.21,2.21,857.62,0,0,Ground,Fog,Open Field,Active,861.62,Human,70
1044,23,5.94,78.94,206.01,75.94,5.94,206.01,0,0,Ground,Rain,Riverbank,Active,207.01,Human,70
1045,13,4.18,76.18,1325.68,74.18,4.18,1325.68,0,0,Ground,Rain,Open Field,Active,1326.68,Human,70
1046,0,2.83,74.83,410.59,72.83,2.83,410.59,0,0,Ground,Clear,Open Field,Active,410.59,Human,70
1047,23,4.93,75.93,1426.89,74.93,4.93,1426.89,0,0,Ground,Storm,Forest,Active,1428.89,Human,70
1048,2,3.6,74.6,1375.5,73.6,3.6,1375.5,0,0,Ground,Storm,Forest,Active,1377.5,Human,70
1049,14,5.03,76.03,582.01,75.03,5.03,582.01,0,0,Ground,Storm,Forest,Active,584.01,Human,70
1050,2,7.64,80.64,1108.53,77.64,7.64,1108.53,0,0,Ground,Storm,Riverbank,Active,1110.53,Human,70
1051,9,5.42,78.42,584.36,75.42,5.42,584.36,0,0,Ground,Clear,Riverbank,Degraded,584.36,Human,70
1052,13,5.91,75.91,1453.48,75.91,5.91,1453.48,0,0,Ground,Clear,Mountain,Active,1453.48,Human,70
1053,2,2.1,74.1,1309.88,72.1,2.1,1309.88,0,0,Ground,Rain,Open Field,Degraded,1310.88,Human,70
1054,17,6.87,77.87,976.34,76.87,6.87,976.34,0,0,Ground,Fog,Forest,Active,980.34,Human,70
1055,17,7.89,80.89,1455.45,77.89,7.89,1455.45,0,0,Ground,Fog,Riverbank,Active,1459.45,Human,70
1056,21,4.28,77.28,828.3,74.28,4.28,828.3,0,0,Ground,Clear,Riverbank,Degraded,828.3,Human,70
1057,0,7.35,78.35,157.03,77.35,7.35,157.03,0,0,Ground,Storm,Forest,Active,159.03,Human,70
1058,18,6.95,79.95,770.4,76.95,6.95,770.4,0,0,Ground,Storm,Riverbank,Active,772.4,Human,70
1059,15,5.07,77.07,412.44,75.07,5.07,412.44,0,0,Ground,Fog,Open Field,Active,416.44,Human,70
1060,16,7.83,78.83,605.98,77.83,7.83,605.98,0,0,Ground,Rain,Forest,Active,606.98,Human,70
1061,22,2.79,72.79,1195.33,72.79,2.79,1195.33,0,0,Ground,Clear,Mountain,Active,1195.33,Human,70
1062,0,2.2,73.2,1199.96,72.2,2.2,1199.96,0,0,Ground,Storm,Forest,Active,1201.96,Human,70
1063,13,4.61,77.61,1199.37,74.61,4.61,1199.37,0,0,Ground,Rain,Riverbank,Active,1200.37,Human,70
1064,7,3.75,75.75,1169.74,73.75,3.75,1169.74,0,0,Ground,Fog,Open Field,Active,1173.74,Human,70
1065,10,5.55,75.55,810.89,75.55,5.55,810.89,0,0,Ground,Fog,Mountain,Active,814.89,Human,70
1066,11,3.94,76.94,1030.83,73.94,3.94,1030.83,0,0,Ground,Rain,Riverbank,Active,1031.83,Human,70
1067,10,2.33,73.33,1077.4,72.33,2.33,1077.4,0,0,Ground,Rain,Forest,Active,1078.4,Human,70
1068,10,3.59,75.59,701.08,73.59,3.59,701.08,0,0,Ground,Clear,Open Field,Active,701.08,Human,70
1069,5,2.8,75.8,368.06,72.8,2.8,368.06,0,0,Ground,Storm,Riverbank,Active,370.06,Human,70
1070,4,5.26,75.26,1238.24,75.26,5.26,1238.24,0,0,Ground,Fog,Mountain,Active,1242.24,Human,70
1071,22,16.65,66.65,148.8,66.65,16.65,147.8,0,0,Ground,Storm,Mountain,Active,149.8,Animal,50
1072,8,8.63,60.63,946.26,58.63,8.63,945.26,0,0,Ground,Fog,Open Field,Active,949.26,Animal,50
1073,10,9.27,62.27,427.3,59.27,9.27,426.3,0,0,Ground,Storm,Riverbank,Degraded,428.3,Animal,50
1074,13,7.38,60.38,772.46,57.38,7.38,771.46,0,0,Ground,Rain,Riverbank,Active,772.46,Animal,50
1075,8,7.06,60.06,407.7,57.06,7.06,406.7,0,0,Ground,Storm,Riverbank,Active,408.7,Animal,50
1076,10,13.26,65.26,721.28,63.26,13.26,720.28,0,0,Ground,Storm,Open Field,Active,722.28,Animal,50
1077,8,9.02,61.02,873.77,59.02,9.02,872.77,0,0,Ground,Clear,Open Field,Degraded,872.77,Animal,50
1078,19,7.6,57.6,925.41,57.6,7.6,924.41,0,0,Ground,Rain,Mountain,Active,925.41,Animal,50
1079,7,8.65,61.65,1021.45,58.65,8.65,1020.45,0,0,Ground,Storm,Riverbank,Active,1022.45,Animal,50
1080,9,18.13,69.13,402.74,68.13,18.13,401.74,0,0,Ground,Storm,Forest,Active,403.74,Animal,50
1081,20,16.71,68.71,371.49,66.71,16.71,370.49,0,0,Ground,Fog,Open Field,Active,374.49,Animal,50
1082,8,13.57,66.57,1062.72,63.57,13.57,1061.72,0,0,Ground,Clear,Riverbank,Active,1061.72,Animal,50
1083,15,9.78,62.78,381.15,59.78,9.78,380.15,0,0,Ground,Clear,Riverbank,Active,380.15,Animal,50
1084,1,8.39,59.39,628.32,58.39,8.39,627.32,0,0,Ground,Rain,Forest,Active,628.32,Animal,50
1085,0,5.49,58.49,1193.32,55.49,5.49,1192.32,0,0,Ground,Clear,Riverbank,Active,1192.32,Animal,50
1086,5,10.89,62.89,1050.87,60.89,10.89,1049.87,0,0,Ground,Clear,Open Field,Active,1049.87,Animal,50
1087,0,7.58,57.58,963.15,57.58,7.58,962.15,0,0,Ground,Clear,Mountain,Active,962.15,Animal,50
1088,17,12.75,63.75,920.12,62.75,12.75,919.12,0,0,Ground,Rain,Forest,Active,920.12,Animal,50
1089,6,14.5,67.5,792.45,64.5,14.5,791.45,0,0,Ground,Rain,Riverbank,Active,792.45,Animal,50
1090,15,10.89,62.89,697.08,60.89,10.89,696.08,0,0,Ground,Rain,Open Field,Active,697.08,Animal,50
1091,16,13.38,65.38,389.72,63.38,13.38,388.72,0,0,Ground,Fog,Open Field,Degraded,392.72,Animal,50
1092,9,10.8,60.8,729.09,60.8,10.8,728.09,0,0,Ground,Fog,Mountain,Active,732.09,Animal,50
1093,20,8.53,61.53,669.44,58.53,8.53,668.44,0,0,Ground,Fog,Riverbank,Active,672.44,Animal,50
1094,2,10.57,61.57,341.67,60.57,10.57,340.67,0,0,Ground,Rain,Forest,Active,341.67,Animal,50
1095,11,13.29,65.29,969.54,63.29,13.29,968.54,0,0,Ground,Rain,Open Field,Active,969.54,Animal,50
1096,18,19.85,72.85,948.62,69.85,19.85,947.62,0,0,Ground,Rain,Riverbank,Active,948.62,Animal,50
1097,10,11.02,61.02,540.78,61.02,11.02,539.78,0,0,Ground,Storm,Mountain,Active,541.78,Animal,50
1098,23,13.71,66.71,1106.97,63.71,13.71,1105.97,0,0,Ground,Fog,Riverbank,Active,1109.97,Animal,50
1099,11,10.56,62.56,1039.9,60.56,10.56,1038.9,0,0,Ground,Rain,Open Field,Active,1039.9,Animal,50
1100,6,7.82,59.82,1179.85,57.82,7.82,1178.85,0,0,Ground,Rain,Open Field,Active,1179.85,Animal,50
1101,20,8.24,58.24,994.78,58.24,8.24,993.78,0,0,Ground,Fog,Mountain,Active,997.78,Animal,50
1102,3,16.42,67.42,361.81,66.42,16.42,360.81,0,0,Ground,Fog,Forest,Active,364.81,Animal,50
1103,9,9.2,59.2,441.16,59.2,9.2,440.16,0,0,Ground,Fog,Mountain,Active,444.16,Animal,50
1104,19,5.25,58.25,129.03,55.25,5.25,128.03,0,0,Ground,Rain,Riverbank,Active,129.03,Animal,50
1105,10,13.41,66.41,288.98,63.41,13.41,287.98,0,0,Ground,Storm,Riverbank,Active,289.98,Animal,50
1106,21,6.76,57.76,325.12,56.76,6.76,324.12,0,0,Ground,Rain,Forest,Active,325.12,Animal,50
1107,13,19.64,72.64,690.04,69.64,19.64,689.04,0,0,Ground,Clear,Riverbank,Active,689.04,Animal,50
1108,22,6.91,58.91,137.62,56.91,6.91,136.62,0,0,Ground,Rain,Open Field,Active,137.62,Animal,50
1109,5,19.35,70.35,505.28,69.35,19.35,504.28,0,0,Ground,Rain,Forest,Active,505.28,Animal,50
1110,16,13.17,66.17,440.2,63.17,13.17,439.2,0,0,Ground,Rain,Riverbank,Degraded,440.2,Animal,50
1111,1,19.58,71.58,349.04,69.58,19.58,348.04,0,0,Ground,Fog,Open Field,Active,352.04,Animal,50
1112,20,13.37,63.37,845.11,63.37,13.37,844.11,0,0,Ground,Clear,Mountain,Active,844.11,Animal,50
1113,8,7.36,60.36,418.83,57.36,7.36,417.83,0,0,Ground,Rain,Riverbank,Degraded,418.83,Animal,50
1114,0,19.73,69.73,1139.08,69.73,19.73,1138.08,0,0,Ground,Clear,Mountain,Active,1138.08,Animal,50
1115,5,5.17,57.17,336.89,55.17,5.17,335.89,0,0,Ground,Clear,Open Field,Active,335.89,Animal,50
1116,6,11.04,62.04,167.69,61.04,11.04,166.69,0,0,Ground,Rain,Forest,Active,167.69,Animal,50
1117,16,5.38,57.38,1166.34,55.38,5.38,1165.34,0,0,Ground,Storm,Open Field,Active,1167.34,Animal,50
1118,19,16.37,69.37,283.48,66.37,16.37,282.48,0,0,Ground,Clear,Riverbank,Active,282.48,Animal,50
1119,2,18.5,69.5,1030.12,68.5,18.5,1029.12,0,0,Ground,Rain,Forest,Active,1030.12,Animal,50
1120,11,8.35,61.35,758.15,58.35,8.35,757.15,0,0,Ground,Rain,Riverbank,Active,758.15,Animal,50
1121,10,17.29,68.29,412.09,67.29,17.29,411.09,0,0,Ground,Clear,Forest,Active,411.09,Animal,50
1122,12,8.57,59.57,272.74,58.57,8.57,271.74,0,0,Ground,Clear,Forest,Active,271.74,Animal,50
1123,20,18.54,69.54,1015.4,68.54,18.54,1014.4,0,0,Ground,Fog,Forest,Active,1018.4,Animal,50
1124,8,10.64,60.64,273.61,60.64,10.64,272.61,0,0,Ground,Storm,Mountain,Active,274.61,Animal,50
1125,5,16.51,69.51,475.72,66.51,16.51,474.72,0,0,Ground,Storm,Riverbank,Active,476.72,Animal,50
1126,13,6.11,56.11,1075.52,56.11,6.11,1074.52,0,0,Ground,Fog,Mountain,Active,1078.52,Animal,50
1127,8,16.34,68.34,818.55,66.34,16.34,817.55,0,0,Ground,Rain,Open Field,Active,818.55,Animal,50
1128,9,14.26,65.26,913.99,64.26,14.26,912.99,0,0,Ground,Fog,Forest,Active,916.99,Animal,50
1129,4,18.22,70.22,428.95,68.22,18.22,427.95,0,0,Ground,Clear,Open Field,Active,427.95,Animal,50
1130,8,12.92,65.92,173.96,62.92,12.92,172.96,0,0,Ground,Clear,Riverbank,Active,172.96,Animal,50
1131,23,50.71,552.71,1025.99,550.71,50.71,1023.99,0,0,Vehicle Route,Storm,Open Field,Active,1025.99,Vehicle,500
1132,8,87.94,590.94,693.38,587.94,87.94,691.38,0,0,Vehicle Route,Clear,Riverbank,Active,691.38,Vehicle,500
1133,6,90.76,592.76,353.22,590.76,90.76,351.22,0,0,Vehicle Route,Clear,Open Field,Active,351.22,Vehicle,500
1134,13,41.32,544.32,1957.86,541.32,41.32,1955.86,0,0,Vehicle Route,Clear,Riverbank,Active,1955.86,Vehicle,500
1135,9,46.82,548.82,1031.04,546.82,46.82,1029.04,0,0,Vehicle Route,Rain,Open Field,Active,1030.04,Vehicle,500
1136,2,99.76,599.76,610.01,599.76,99.76,608.01,0,0,Vehicle Route,Fog,Mountain,Active,612.01,Vehicle,500
1137,15,35.03,537.03,2065.69,535.03,35.03,2063.69,0,0,Vehicle Route,Fog,Open Field,Active,2067.69,Vehicle,500
1138,9,31.93,531.93,462.82,531.93,31.93,460.82,0,0,Vehicle Route,Fog,Mountain,Active,464.82,Vehicle,500
1139,13,41.49,541.49,1492.07,541.49,41.49,1490.07,0,0,Vehicle Route,Clear,Mountain,Active,1490.07,Vehicle,500
1140,15,49.46,550.46,1381.63,549.46,49.46,1379.63,0,0,Vehicle Route,Clear,Forest,Active,1379.63,Vehicle,500
1141,10,67.82,570.82,1262.98,567.82,67.82,1260.98,0,0,Vehicle Route,Fog,Riverbank,Active,1264.98,Vehicle,500
1142,2,46.34,548.34,1420.17,546.34,46.34,1418.17,0,0,Vehicle Route,Storm,Open Field,Active,1420.17,Vehicle,500
1143,18,65.65,566.65,2583.24,565.65,65.65,2581.24,0,0,Vehicle Route,Fog,Forest,Active,2585.24,Vehicle,500
1144,6,99.21,599.21,2709.31,599.21,99.21,2707.31,0,0,Vehicle Route,Fog,Mountain,Active,2711.31,Vehicle,500
1145,16,92.55,592.55,2438.89,592.55,92.55,2436.89,0,0,Vehicle Route,Rain,Mountain,Active,2437.89,Vehicle,500
1146,8,49.27,551.27,327.41,549.27,49.27,325.41,0,0,Vehicle Route,Fog,Open Field,Active,329.41,Vehicle,500
1147,13,62.56,563.56,1545.18,562.56,62.56,1543.18,0,0,Vehicle Route,Rain,Forest,Active,1544.18,Vehicle,500
1148,19,92.06,592.06,1612.23,592.06,92.06,1610.23,0,0,Vehicle Route,Rain,Mountain,Active,1611.23,Vehicle,500
1149,18,80.91,581.91,908.67,580.91,80.91,906.67,0,0,Vehicle Route,Storm,Forest,Active,908.67,Vehicle,500
1150,18,95.32,597.32,929.63,595.32,95.32,927.63,0,0,Vehicle Route,Rain,Open Field,Active,928.63,Vehicle,500
1151,6,30.66,532.66,2738.7,530.66,30.66,2736.7,0,0,Vehicle Route,Fog,Open Field,Active,2740.7,Vehicle,500
1152,4,52.52,553.52,375.37,552.52,52.52,373.37,0,0,Vehicle Route,Storm,Forest,Degraded,375.37,Vehicle,500
1153,14,40.55,541.55,2140.63,540.55,40.55,2138.63,0,0,Vehicle Route,Clear,Forest,Active,2138.63,Vehicle,500
1154,2,73.92,574.92,2102.6,573.92,73.92,2100.6,0,0,Vehicle Route,Rain,Forest,Active,2101.6,Vehicle,500
1155,4,34.8,535.8,1092.46,534.8,34.8,1090.46,0,0,Vehicle Route,Storm,Forest,Active,1092.46,Vehicle,500
1156,6,77.31,579.31,361.24,577.31,77.31,359.24,0,0,Vehicle Route,Fog,Open Field,Active,363.24,Vehicle,500
1157,1,75.8,578.8,509.95,575.8,75.8,507.95,0,0,Vehicle Route,Rain,Riverbank,Active,508.95,Vehicle,500
1158,17,67.82,569.82,339.44,567.82,67.82,337.44,0,0,Vehicle Route,Fog,Open Field,Active,341.44,Vehicle,500
1159,16,44.26,545.26,1755.6,544.26,44.26,1753.6,0,0,Vehicle Route,Storm,Forest,Active,1755.6,Vehicle,500
1160,3,39.2,539.2,1595.03,539.2,39.2,1593.03,0,0,Vehicle Route,Fog,Mountain,Active,1597.03,Vehicle,500
1161,17,84.63,584.63,587.39,584.63,84.63,585.39,0,0,Vehicle Route,Fog,Mountain,Degraded,589.39,Vehicle,500
1162,19,65.43,565.43,403.63,565.43,65.43,401.63,0,0,Vehicle Route,Rain,Mountain,Active,402.63,Vehicle,500
1163,16,85.87,587.87,2986.36,585.87,85.87,2984.36,0,0,Vehicle Route,Storm,Open Field,Active,2986.36,Vehicle,500
1164,9,72.06,574.06,1913.08,572.06,72.06,1911.08,0,0,Vehicle Route,Storm,Open Field,Active,1913.08,Vehicle,500
1165,17,66.41,568.41,891.19,566.41,66.41,889.19,0,0,Vehicle Route,Rain,Open Field,Active,890.19,Vehicle,500
1166,7,54.22,555.22,2618.18,554.22,54.22,2616.18,0,0,Vehicle Route,Fog,Forest,Active,2620.18,Vehicle,500
1167,6,42.04,544.04,1674.11,542.04,42.04,1672.11,0,0,Vehicle Route,Fog,Open Field,Active,1676.11,Vehicle,500
1168,8,88.17,588.17,421.06,588.17,88.17,419.06,0,0,Vehicle Route,Storm,Mountain,Active,421.06,Vehicle,500
1169,12,98.33,600.33,1742.77,598.33,98.33,1740.77,0,0,Vehicle Route,Clear,Open Field,Degraded,1740.77,Vehicle,500
1170,3,65.5,567.5,2437.64,565.5,65.5,2435.64,0,0,Vehicle Route,Fog,Open Field,Active,2439.64,Vehicle,500
1171,13,97.81,597.81,867.46,597.81,97.81,865.46,0,0,Vehicle Route,Rain,Mountain,Active,866.46,Vehicle,500
1172,9,51.75,554.75,2842.29,551.75,51.75,2840.29,0,0,Vehicle Route,Storm,Riverbank,Active,2842.29,Vehicle,500
1173,7,56.92,559.92,1800.14,556.92,56.92,1798.14,0,0,Vehicle Route,Clear,Riverbank,Active,1798.14,Vehicle,500
1174,14,93.72,595.72,191.38,593.72,93.72,189.38,0,0,Vehicle Route,Storm,Open Field,Active,191.38,Vehicle,500
1175,8,76.31,579.31,1190.57,576.31,76.31,1188.57,0,0,Vehicle Route,Rain,Riverbank,Active,1189.57,Vehicle,500
1176,9,51.93,551.93,216.88,551.93,51.93,214.88,0,0,Vehicle Route,Clear,Mountain,Active,214.88,Vehicle,500
1177,7,73.66,573.66,1115.81,573.66,73.66,1113.81,0,0,Vehicle Route,Clear,Mountain,Active,1113.81,Vehicle,500
1178,9,81.59,582.59,1104.44,581.59,81.59,1102.44,0,0,Vehicle Route,Rain,Forest,Active,1103.44,Vehicle,500
1179,20,79.6,580.6,979.91,579.6,79.6,977.91,0,0,Vehicle Route,Rain,Forest,Active,978.91,Vehicle,500
1180,7,31.6,534.6,2823.89,531.6,31.6,2821.89,0,0,Vehicle Route,Fog,Riverbank,Active,2825.89,Vehicle,500
1181,20,76.9,579.9,1094.94,576.9,76.9,1092.94,0,0,Vehicle Route,Fog,Riverbank,Active,1096.94,Vehicle,500
1182,13,34.64,535.64,1738.07,534.64,34.64,1736.07,0,0,Vehicle Route,Fog,Forest,Active,1740.07,Vehicle,500
1183,19,34.81,534.81,179.97,534.81,34.81,177.97,0,0,Vehicle Route,Clear,Mountain,Active,177.97,Vehicle,500
1184,15,97.85,598.85,796.16,597.85,97.85,794.16,0,0,Vehicle Route,Fog,Forest,Active,798.16,Vehicle,500
1185,3,54.23,557.23,375.65,554.23,54.23,373.65,0,0,Vehicle Route,Clear,Riverbank,Active,373.65,Vehicle,500
1186,10,92.74,593.74,673.49,592.74,92.74,671.49,0,0,Vehicle Route,Rain,Forest,Degraded,672.49,Vehicle,500
1187,0,51.65,552.65,1624.14,551.65,51.65,1622.14,0,0,Vehicle Route,Clear,Forest,Active,1622.14,Vehicle,500
1188,5,79.27,581.27,1984.06,579.27,79.27,1982.06,0,0,Vehicle Route,Rain,Open Field,Active,1983.06,Vehicle,500
1189,23,56.5,557.5,1052.3,556.5,56.5,1050.3,0,0,Vehicle Route,Rain,Forest,Active,1051.3,Vehicle,500
1190,5,50.7,552.7,2080.08,550.7,50.7,2078.08,0,0,Vehicle Route,Clear,Open Field,Active,2078.08,Vehicle,500
1191,19,66.83,567.83,2289.07,566.83,66.83,2287.07,0,0,Vehicle Route,Storm,Forest,Active,2289.07,Vehicle,500
1192,9,33.56,536.56,732.14,533.56,33.56,730.14,0,0,Vehicle Route,Fog,Riverbank,Active,734.14,Vehicle,500
1193,10,42.18,542.18,931.79,542.18,42.18,929.79,0,0,Vehicle Route,Fog,Mountain,Active,933.79,Vehicle,500
1194,15,80.26,583.26,480.61,580.26,80.26,478.61,0,0,Vehicle Route,Clear,Riverbank,Degraded,478.61,Vehicle,500
1195,21,51.65,552.65,2751.75,551.65,51.65,2749.75,0,0,Vehicle Route,Rain,Forest,Active,2750.75,Vehicle,500
1196,14,49.56,551.56,1494.34,549.56,49.56,1492.34,0,0,Vehicle Route,Storm,Open Field,Active,1494.34,Vehicle,500
1197,8,61.99,561.99,2352.4,561.99,61.99,2350.4,0,0,Vehicle Route,,Mountain,Active,2353.4,Vehicle,500
1198,11,76.71,579.71,314.71,576.71,76.71,312.71,0,0,Vehicle Route,Fog,Riverbank,Active,316.71,Vehicle,500
1199,17,68.73,568.73,1712.33,568.73,68.73,1710.33,0,0,Vehicle Route,Clear,Mountain,Active,1710.33,Vehicle,500
1200,23,54.31,555.31,1664.15,554.31,54.31,1662.15,0,0,Vehicle Route,Fog,Forest,Active,1666.15,Vehicle,500
1201,18,117.03,178.03,2325.96,177.03,117.03,2322.96,1721.66,0,Air Route,Clear,Forest,Active,2322.96,Aerial Object,60
1202,5,120.82,182.82,972.29,180.82,120.82,969.29,2828.72,0,Air Route,Rain,Open Field,Active,970.29,Aerial Object,60
1203,17,175.9,235.9,569.96,235.9,175.9,566.96,1228.53,0,Air Route,Fog,Mountain,Active,570.96,Aerial Object,60
1204,11,70.37,131.37,1227.27,130.37,70.37,1224.27,2402.95,0,Air Route,Rain,Forest,Active,1225.27,Aerial Object,60
1205,15,52.02,114.02,2547.08,112.02,52.02,2544.08,1593.7,0,Air Route,Rain,Open Field,Active,2545.08,Aerial Object,60
1206,17,175.62,237.62,2241.85,235.62,175.62,2238.85,1017.36,0,Air Route,Clear,Open Field,Active,2238.85,Aerial Object,60
1207,16,95.33,157.33,2739.82,155.33,95.33,2736.82,1395.65,0,Air Route,Rain,Open Field,Active,2737.82,Aerial Object,60
1208,15,149.45,209.45,4503.86,209.45,149.45,4500.86,2020.2,0,Air Route,Rain,Mountain,Active,4501.86,Aerial Object,60
1209,2,131.45,191.45,763.09,191.45,131.45,760.09,1520.02,0,Air Route,Clear,Mountain,Active,760.09,Aerial Object,60
1210,2,173.17,233.17,4915.89,233.17,173.17,4912.89,538.46,0,Air Route,Storm,Mountain,Active,4914.89,Aerial Object,60
1211,3,48.53,111.53,1915.01,108.53,48.53,1912.01,2869.11,0,Air Route,Clear,Riverbank,Degraded,1912.01,Aerial Object,60
1212,3,42.94,104.94,2821.97,102.94,42.94,2818.97,1664.52,0,Air Route,Fog,Open Field,Active,2822.97,Aerial Object,60
1213,22,49.56,111.56,986.15,109.56,49.56,983.15,431.6,0,Air Route,Clear,Open Field,Active,983.15,Aerial Object,60
1214,14,107.74,167.74,3164.91,167.74,107.74,3161.91,743.26,0,Air Route,Clear,Mountain,Active,3161.91,Aerial Object,60
1215,5,80.17,142.17,1155.49,140.17,80.17,1152.49,2976.02,0,Air Route,Fog,Open Field,Degraded,1156.49,Aerial Object,60
1216,15,62.74,124.74,4062.65,122.74,62.74,4059.65,928.18,0,Air Route,Rain,Open Field,Active,4060.65,Aerial Object,60
1217,5,93.47,156.47,1766.19,153.47,93.47,1763.19,2284.91,0,Air Route,Storm,Riverbank,Active,1765.19,Aerial Object,60
1218,16,156.97,218.97,3144.88,216.97,156.97,3141.88,2512.23,0,Air Route,Clear,Open Field,Active,3141.88,Aerial Object,60
1219,10,104.41,164.41,2733.2,164.41,104.41,2730.2,2767.95,0,Air Route,Clear,Mountain,Active,2730.2,Aerial Object,60
1220,15,78.96,139.96,3695.61,138.96,78.96,3692.61,2349.86,0,Air Route,Clear,Forest,Active,3692.61,Aerial Object,60
1221,4,113.74,175.74,3869.97,173.74,113.74,3866.97,1598.1,0,Air Route,Storm,Open Field,Active,3868.97,Aerial Object,60
1222,15,170.01,231.01,1982.7,230.01,170.01,1979.7,2463.72,0,Air Route,Clear,Forest,Active,1979.7,Aerial Object,60
1223,8,40.01,102.01,543.31,100.01,40.01,540.31,881.98,0,Air Route,Fog,Open Field,Active,544.31,Aerial Object,60
1224,10,64.56,124.56,3012.7,124.56,64.56,3009.7,426.68,0,Air Route,Clear,Mountain,Active,3009.7,Aerial Object,60
1225,7,155.98,217.98,2110.5,215.98,155.98,2107.5,758.38,0,Air Route,Rain,Open Field,Active,2108.5,Aerial Object,60
1226,13,175.1,237.1,998.38,235.1,175.1,995.38,2177.93,0,Air Route,Clear,Open Field,Degraded,995.38,Aerial Object,60
1227,6,130.14,192.14,2200.89,190.14,130.14,2197.89,483.31,0,Air Route,Clear,Open Field,Active,2197.89,Aerial Object,60
1228,22,112.73,174.73,4748.96,172.73,112.73,4745.96,717.76,0,Air Route,Rain,Open Field,Active,4746.96,Aerial Object,60
1229,18,151.41,212.41,640.27,211.41,151.41,637.27,1180.4,0,Air Route,Rain,Forest,Active,638.27,Aerial Object,60
1230,5,105.35,167.35,3046.5,165.35,105.35,3043.5,653.21,0,Air Route,Fog,Open Field,Active,3047.5,Aerial Object,60
1231,8,43.7,106.7,4797.96,103.7,43.7,4794.96,1373.82,0,Air Route,Storm,Riverbank,Active,4796.96,Aerial Object,60
1232,11,49.51,110.51,2581.68,109.51,49.51,2578.68,1035.65,0,Air Route,Clear,Forest,Active,2578.68,Aerial Object,60
1233,16,90.45,151.45,2697.15,150.45,90.45,2694.15,2973.37,0,Air Route,Rain,Forest,Active,2695.15,Aerial Object,60
1234,1,55.36,115.36,514.54,115.36,55.36,511.54,2917.3,0,Air Route,Fog,Mountain,Active,515.54,Aerial Object,60
1235,7,128.96,191.96,1031.73,188.96,128.96,1028.73,2965.95,0,Air Route,Fog,Riverbank,Active,1032.73,Aerial Object,60
1236,20,82.19,143.19,3594.92,142.19,82.19,3591.92,215.76,0,Air Route,Storm,Forest,Active,3593.92,Aerial Object,60
1237,0,40.15,100.15,3591.15,100.15,40.15,3588.15,1573.89,0,Air Route,Storm,Mountain,Active,3590.15,Aerial Object,60
1238,12,161.31,221.31,1661.24,221.31,161.31,1658.24,2949.64,0,Air Route,Clear,Mountain,Active,1658.24,Aerial Object,60
1239,3,128.79,191.79,2351.87,188.79,128.79,2348.87,105.97,0,Air Route,Clear,Riverbank,Active,2348.87,Aerial Object,60
1240,10,138.98,198.98,1285.25,198.98,138.98,1282.25,426.39,0,Air Route,Storm,Mountain,Active,1284.25,Aerial Object,60
1241,20,65.45,126.45,1264.7,125.45,65.45,1261.7,751.89,0,Air Route,,Forest,Active,1264.7,Aerial Object,60
1242,13,97.42,158.42,2275.52,157.42,97.42,2272.52,976.85,0,Air Route,Storm,Forest,Active,2274.52,Aerial Object,60
1243,13,169.28,231.28,1486.37,229.28,169.28,1483.37,1425.4,0,Air Route,Fog,Open Field,Active,1487.37,Aerial Object,60
1244,23,48.03,109.03,1652.53,108.03,48.03,1649.53,2892.91,0,Air Route,Clear,Forest,Active,1649.53,Aerial Object,60
1245,20,63.92,124.92,3828.53,123.92,63.92,3825.53,2210.44,0,Air Route,Storm,Forest,Active,3827.53,Aerial Object,60
1246,12,124.88,184.88,1715.45,184.88,124.88,1712.45,412.29,0,Air Route,Clear,Mountain,Active,1712.45,Aerial Object,60
1247,22,127.21,190.21,2133.8,187.21,127.21,2130.8,1986.25,0,Air Route,Rain,Riverbank,Active,2131.8,Aerial Object,60
1248,9,97.28,160.28,1152.58,157.28,97.28,1149.58,689.64,0,Air Route,Clear,Riverbank,Active,1149.58,Aerial Object,60
1249,22,91.24,153.24,2402.86,151.24,91.24,2399.86,857.03,0,Air Route,Storm,Open Field,Active,2401.86,Aerial Object,60
1250,15,140.31,201.31,4558.38,200.31,140.31,4555.38,440.81,0,Air Route,Rain,Forest,Active,4556.38,Aerial Object,60
1251,21,53.93,113.93,1957.26,113.93,53.93,1954.26,921.16,0,Air Route,Clear,Mountain,Active,1954.26,Aerial Object,60
1252,21,87.1,149.1,654.94,147.1,87.1,651.94,1211.48,0,Air Route,Fog,Open Field,Active,655.94,Aerial Object,60
1253,16,54.78,114.78,1511.69,114.78,54.78,1508.69,189.25,0,Air Route,Fog,Mountain,Active,1512.69,Aerial Object,60
1254,20,77.29,137.29,3536.14,137.29,77.29,3533.14,2747.75,0,Air Route,Storm,Mountain,Active,3535.14,Aerial Object,60
1255,19,144.95,205.95,1562.4,204.95,144.95,1559.4,768.01,0,Air Route,Storm,Forest,Active,1561.4,Aerial Object,60
1256,4,43.05,106.05,1647.8,103.05,43.05,1644.8,858.6,0,Air Route,Rain,Riverbank,Degraded,1645.8,Aerial Object,60
1257,14,66.39,128.39,4527.76,126.39,66.39,4524.76,2070.1,0,Air Route,Rain,Open Field,Degraded,4525.76,Aerial Object,60
1258,4,157.37,219.37,2742.47,217.37,157.37,2739.47,2605.14,0,Air Route,Rain,Open Field,Active,2740.47,Aerial Object,60
1259,22,121.04,181.04,1258.56,181.04,121.04,1255.56,2362.12,0,Air Route,Rain,Mountain,Degraded,1256.56,Aerial Object,60
1260,11,174.84,235.84,4822.34,234.84,174.84,4819.34,1449.54,0,Air Route,Fog,Forest,Active,4823.34,Aerial Object,60
1261,18,39.72,100.72,1526.59,99.72,39.72,1522.59,0,69.7,Water Route,Clear,Forest,Active,1522.59,Water Intrusion,60
1262,22,14.06,76.06,402.52,74.06,14.06,398.52,0,51.97,Water Route,Storm,Open Field,Active,400.52,Water Intrusion,60
1263,16,12.74,74.74,452.96,72.74,12.74,448.96,0,23.18,Water Route,Fog,Open Field,Active,452.96,Water Intrusion,60
1264,0,23.82,84.82,1406.04,83.82,23.82,1402.04,0,25.56,Water Route,Fog,Forest,Active,1406.04,Water Intrusion,60
1265,19,22.99,82.99,1916.21,82.99,22.99,1912.21,0,60.97,Water Route,Fog,Mountain,Active,1916.21,Water Intrusion,60
1266,10,6.06,67.06,173.05,66.06,6.06,169.05,0,57.71,Water Route,Rain,Forest,Active,170.05,Water Intrusion,60
1267,21,20.77,80.77,1084.87,80.77,20.77,1080.87,0,42.11,Water Route,Clear,Mountain,Active,1080.87,Water Intrusion,60
1268,6,28.46,90.46,1235.09,88.46,28.46,1231.09,0,30.56,Water Route,Fog,Open Field,Active,1235.09,Water Intrusion,60
1269,2,19.77,81.77,999.08,79.77,19.77,995.08,0,40.98,Water Route,Storm,Open Field,Active,997.08,Water Intrusion,60
1270,8,33.94,96.94,582.89,93.94,33.94,578.89,0,69.65,Water Route,Rain,Riverbank,Active,579.89,Water Intrusion,60
1271,11,34.22,95.22,1435.11,94.22,34.22,1431.11,0,77.97,Water Route,Fog,Forest,Active,1435.11,Water Intrusion,60
1272,21,14.3,76.3,134.16,74.3,14.3,130.16,0,33.8,Water Route,Rain,Open Field,Degraded,131.16,Water Intrusion,60
1273,10,24.47,85.47,236.32,84.47,24.47,232.32,0,53.02,Water Route,,Forest,Active,235.32,Water Intrusion,60
1274,18,16.87,79.87,1213.94,76.87,16.87,1209.94,0,46.8,Water Route,Clear,Riverbank,Active,1209.94,Water Intrusion,60
1275,18,33.84,95.84,1138.2,93.84,33.84,1134.2,0,33.27,Water Route,Fog,Open Field,Active,1138.2,Water Intrusion,60
1276,13,12.52,75.52,802.07,72.52,12.52,798.07,0,49.99,Water Route,Clear,Riverbank,Active,798.07,Water Intrusion,60
1277,13,18.72,80.72,1009,78.72,18.72,1005,0,53.9,Water Route,Clear,Open Field,Active,1005,Water Intrusion,60
1278,16,19.47,79.47,1145.8,79.47,19.47,1141.8,0,22.4,Water Route,Rain,Mountain,Active,1142.8,Water Intrusion,60
1279,12,23.57,83.57,718.82,83.57,23.57,714.82,0,48.57,Water Route,Rain,Mountain,Active,715.82,Water Intrusion,60
1280,11,34.45,96.45,1486.63,94.45,34.45,1482.63,0,78.96,Water Route,Rain,Open Field,Active,1483.63,Water Intrusion,60
1281,0,14.29,77.29,804.02,74.29,14.29,800.02,0,40.1,Water Route,Clear,Riverbank,Active,800.02,Water Intrusion,60
1282,21,27,87,1898.79,87,27,1894.79,0,55.07,Water Route,Rain,Mountain,Active,1895.79,Water Intrusion,60
1283,4,22.09,82.09,1051.18,82.09,22.09,1047.18,0,30.36,Water Route,Storm,Mountain,Active,1049.18,Water Intrusion,60
1284,14,5.87,65.87,1603.66,65.87,5.87,1599.66,0,68.47,Water Route,Fog,Mountain,Active,1603.66,Water Intrusion,60
1285,3,8.32,69.32,1295.34,68.32,8.32,1291.34,0,24.11,Water Route,Fog,Forest,Active,1295.34,Water Intrusion,60
1286,3,39.56,101.56,1138.4,99.56,39.56,1134.4,0,43.85,Water Route,Clear,Open Field,Active,1134.4,Water Intrusion,60
1287,6,27.12,87.12,1536.46,87.12,27.12,1532.46,0,56.62,Water Route,Clear,Mountain,Active,1532.46,Water Intrusion,60
1288,7,13.25,75.25,1330.15,73.25,13.25,1326.15,0,39.23,Water Route,Rain,Open Field,Active,1327.15,Water Intrusion,60
1289,16,34.7,96.7,381.96,94.7,34.7,377.96,0,38.77,Water Route,Clear,Open Field,Active,377.96,Water Intrusion,60
1290,17,12.19,74.19,1991,72.19,12.19,1987,0,59.59,Water Route,Storm,Open Field,Active,1989,Water Intrusion,60
1291,7,8.59,71.59,1165.93,68.59,8.59,1161.93,0,79.82,Water Route,Storm,Riverbank,Degraded,1163.93,Water Intrusion,60
1292,13,13.4,74.4,1372.84,73.4,13.4,1368.84,0,75.79,Water Route,Rain,Forest,Active,1369.84,Water Intrusion,60
1293,2,19.45,82.45,1878.37,79.45,19.45,1874.37,0,79.62,Water Route,Fog,Riverbank,Active,1878.37,Water Intrusion,60
1294,2,9.67,70.67,1594.12,69.67,9.67,1590.12,0,45.04,Water Route,Fog,Forest,Active,1594.12,Water Intrusion,60
1295,2,10.96,71.96,471.41,70.96,10.96,467.41,0,74,Water Route,Fog,Forest,Active,471.41,Water Intrusion,60
1296,23,14.33,77.33,429.62,74.33,14.33,425.62,0,73.57,Water Route,Storm,Riverbank,Degraded,427.62,Water Intrusion,60
1297,6,30.57,92.57,498.62,90.57,30.57,494.62,0,39.34,Water Route,Rain,Open Field,Active,495.62,Water Intrusion,60
1298,23,32.86,94.86,215.39,92.86,32.86,211.39,0,39.33,Water Route,Fog,Open Field,Active,215.39,Water Intrusion,60
1299,6,23.1,83.1,547.64,83.1,23.1,543.64,0,62.75,Water Route,Storm,Mountain,Degraded,545.64,Water Intrusion,60
1300,8,36.63,99.63,311.16,96.63,36.63,307.16,0,31.99,Water Route,Storm,Riverbank,Active,309.16,Water Intrusion,60
1301,6,37.36,99.36,396.33,97.36,37.36,392.33,0,50.17,Water Route,Clear,Open Field,Active,392.33,Water Intrusion,60
1302,10,16.48,77.48,1551.24,76.48,16.48,1547.24,0,52.26,Water Route,Rain,Forest,Degraded,1548.24,Water Intrusion,60
1303,9,13.84,74.84,1844.84,73.84,13.84,1840.84,0,24.93,Water Route,,Forest,Active,1843.84,Water Intrusion,60
1304,12,29.35,92.35,1655.22,89.35,29.35,1651.22,0,76.95,Water Route,Fog,Riverbank,Active,1655.22,Water Intrusion,60
1305,6,27.06,89.06,1544.57,87.06,27.06,1540.57,0,43.89,Water Route,Clear,Open Field,Degraded,1540.57,Water Intrusion,60
1306,2,27.79,89.79,698.21,87.79,27.79,694.21,0,56.49,Water Route,,Open Field,Active,697.21,Water Intrusion,60
1307,1,24.99,85.99,823.45,84.99,24.99,819.45,0,32.54,Water Route,Rain,Forest,Active,820.45,Water Intrusion,60
1308,16,6.42,66.42,476.3,66.42,6.42,472.3,0,46.89,Water Route,Rain,Mountain,Degraded,473.3,Water Intrusion,60
1309,16,18.83,79.83,396.89,78.83,18.83,392.89,0,26.86,Water Route,Clear,Forest,Active,392.89,Water Intrusion,60
1310,6,17.42,80.42,1186.97,77.42,17.42,1182.97,0,60.23,Water Route,Clear,Riverbank,Active,1182.97,Water Intrusion,60
1311,22,0.92,61.92,181.84,60.92,0.92,176.84,0.87,0,Air Route,Storm,Forest,Active,178.84,False Alarm,60
1312,7,1.46,62.46,89.85,61.46,1.46,84.85,0,0,Ground,Rain,Forest,Active,85.85,False Alarm,60
1313,4,0.62,62.62,365.74,60.62,0.62,360.74,0,0,Ground,Clear,Open Field,Active,360.74,False Alarm,60
1314,12,1.47,62.47,468.56,61.47,1.47,463.56,0,0,Ground,Clear,Forest,Degraded,463.56,False Alarm,60
1315,11,1.56,63.56,74.21,61.56,1.56,69.21,0,0,Ground,Fog,Open Field,Active,73.21,False Alarm,60
1316,19,0.76,60.76,456.11,60.76,0.76,451.11,0,2.41,Water Route,Clear,Mountain,Active,451.11,False Alarm,60
1317,20,0.63,63.63,458.83,60.63,0.63,453.83,0,0.64,Water Route,Clear,Riverbank,Degraded,453.83,False Alarm,60
1318,15,0.22,62.22,172.97,60.22,0.22,167.97,0,2.08,Water Route,Clear,Open Field,Active,167.97,False Alarm,60
1319,22,1.81,63.81,401.05,61.81,1.81,396.05,0,3.88,Water Route,Clear,Open Field,Active,396.05,False Alarm,60
1320,15,0.37,63.37,412.72,60.37,0.37,407.72,0,0,Ground,Fog,Riverbank,Active,411.72,False Alarm,60
1321,20,0,60,36.87,60,0,31.87,49.24,0,Air Route,Fog,Mountain,Active,35.87,False Alarm,60
1322,6,1.74,64.74,378.12,61.74,1.74,373.12,0,0,Ground,Clear,Riverbank,Active,373.12,False Alarm,60
1323,10,1.92,61.92,289.92,61.92,1.92,284.92,33.96,0,Air Route,Storm,Mountain,Active,286.92,False Alarm,60
1324,8,1.98,62.98,323.24,61.98,1.98,318.24,8.23,0,Air Route,Clear,Forest,Active,318.24,False Alarm,60
1325,6,0.49,60.49,285.12,60.49,0.49,280.12,37.53,0,Air Route,Clear,Mountain,Active,280.12,False Alarm,60
1326,8,1.16,61.16,243.19,61.16,1.16,238.19,0,1.43,Water Route,Rain,Mountain,Active,239.19,False Alarm,60
1327,9,1.78,63.78,384,61.78,1.78,379,0,0.72,Water Route,Fog,Open Field,Active,383,False Alarm,60
1328,13,1.03,61.03,88.37,61.03,1.03,83.37,42.98,0,Air Route,Storm,Mountain,Active,85.37,False Alarm,60
1329,21,1.57,61.57,211.33,61.57,1.57,206.33,0,0,Ground,Rain,Mountain,Active,207.33,False Alarm,60
1330,16,0.57,60.57,107.35,60.57,0.57,102.35,32.36,0,Air Route,Clear,Mountain,Active,102.35,False Alarm,60
1331,6,1.79,63.79,353.65,61.79,1.79,348.65,0,0.07,Water Route,Rain,Open Field,Active,349.65,False Alarm,60
1332,3,0.04,62.04,101.15,60.04,0.04,96.15,2.01,0,Air Route,Clear,Open Field,Active,96.15,False Alarm,60
1333,23,1.07,62.07,333.12,61.07,1.07,328.12,8.58,0,Air Route,Storm,Forest,Active,330.12,False Alarm,60
1334,14,1.49,62.49,273.16,61.49,1.49,268.16,0,0,Ground,Storm,Forest,Active,270.16,False Alarm,60
1335,9,1.77,63.77,208.25,61.77,1.77,203.25,0,3.68,Water Route,Fog,Open Field,Active,207.25,False Alarm,60
1336,20,0.46,60.46,406.5,60.46,0.46,401.5,21.91,0,Air Route,Fog,Mountain,Active,405.5,False Alarm,60
1337,1,1.41,64.41,68.33,61.41,1.41,63.33,0,2.39,Water Route,Storm,Riverbank,Degraded,65.33,False Alarm,60
1338,23,1.19,61.19,100.34,61.19,1.19,95.34,0,0,Ground,Clear,Mountain,Active,95.34,False Alarm,60
1339,5,1.62,64.62,267.69,61.62,1.62,262.69,0,0,Ground,,Riverbank,Active,265.69,False Alarm,60
1340,19,0.24,60.24,126.34,60.24,0.24,121.34,0,3.38,Water Route,Storm,Mountain,Active,123.34,False Alarm,60
1341,7,0.41,61.41,199.05,60.41,0.41,194.05,11.43,0,Air Route,,Forest,Degraded,197.05,False Alarm,60
1342,10,0.8,63.8,294.34,60.8,0.8,289.34,0,4.59,Water Route,Storm,Riverbank,Active,291.34,False Alarm,60
1343,11,0.5,61.5,257.29,60.5,0.5,252.29,0,0,Ground,Fog,Forest,Active,256.29,False Alarm,60
1344,13,0.65,63.65,437.97,60.65,0.65,432.97,0,2.42,Water Route,Clear,Riverbank,Active,432.97,False Alarm,60
1345,10,0.72,63.72,342.36,60.72,0.72,337.36,39.77,0,Air Route,Storm,Riverbank,Active,339.36,False Alarm,60
1346,6,1.02,61.02,420.29,61.02,1.02,415.29,0,0,Ground,Clear,Mountain,Active,415.29,False Alarm,60
1347,6,1.32,62.32,133.9,61.32,1.32,128.9,0,3.05,Water Route,Storm,Forest,Active,130.9,False Alarm,60
1348,13,1.84,63.84,368.89,61.84,1.84,363.89,0,0,Ground,Rain,Open Field,Active,364.89,False Alarm,60
1349,14,0.96,60.96,277.58,60.96,0.96,272.58,23.15,0,Air Route,Clear,Mountain,Degraded,272.58,False Alarm,60
1350,14,0.41,61.41,459.57,60.41,0.41,454.57,0,4.76,Water Route,Clear,Forest,Active,454.57,False Alarm,60
